{
    "total_280": 3.52549638096851,
    "large_280": 0.025326863796249995,
    "small_280": 0.020269539485,
    "mab_280": 1.1452331199050003,
    "lmw1_280": 0.08941284389250001,
    "lmw2_280": 1.1083949483975002,
    "lmw3_280": 1.1127960652024997
}
